motifString,centerPos,modificationType,fraction,nDetected,nGenome,groupTag,partnerMotifString,meanScore,meanIpdRatio,meanCoverage,objectiveScore
GCSAG,4,m6A,0.9853837,2427,2463,GCSAG,,1171.0704,4.899373,570.3655,2804772.5
GCAAAT,5,m6A,0.9888614,1598,1616,GCAAAT,,862.4856,4.146243,552.6627,1364427.6
CYSVNYR,1,m4C,0.32268542,6061,18783,CYSVNYR,,90.2879,1.6015244,565.73883,197731.23
CYCATAWD,1,modified_base,0.2889138,258,893,CYCATAWD,,61.224808,1.4692632,569.938,5167.001
GNGGCANCR,3,modified_base,0.42857143,78,182,GNGGCANCR,,79.67949,1.5761536,553.9103,2899.0923
GNAGTACCV,3,modified_base,0.28723404,27,94,GNAGTACCV,,69.666664,1.6922224,538.5185,612.07007
GBGACCNNNNNANNNA,4,m6A,0.23529412,20,85,GBGACCNNNNNANNNA,,67.3,1.5375,621.1,366.01175
AGTNAAAAANT,1,m6A,0.2037037,22,108,AGTNAAAAANT,,61.5,1.575909,526.4545,323.14456
CTNNGNNNNGCGACT,13,m6A,1.0,5,5,CTNNGNNNNGCGACT,,61.6,1.666,626.8,308.0
GAGAGAAA,2,m6A,0.1978022,18,91,GAGAGAAA,,99.55556,1.7411113,547.5,234.41325
